<?xml version='1.0' encoding='utf-8'?>
<graphml xmlns="http://graphml.graphdrawing.org/xmlns" xmlns:xsi="http://www.w3.org/2001/XMLSchema-instance" xsi:schemaLocation="http://graphml.graphdrawing.org/xmlns http://graphml.graphdrawing.org/xmlns/1.0/graphml.xsd">
  <key id="d6" for="edge" attr.name="source_id" attr.type="string" />
  <key id="d5" for="edge" attr.name="keywords" attr.type="string" />
  <key id="d4" for="edge" attr.name="description" attr.type="string" />
  <key id="d3" for="edge" attr.name="weight" attr.type="double" />
  <key id="d2" for="node" attr.name="source_id" attr.type="string" />
  <key id="d1" for="node" attr.name="description" attr.type="string" />
  <key id="d0" for="node" attr.name="entity_type" attr.type="string" />
  <graph edgedefault="undirected">
    <node id="&quot;ALEX&quot;">
      <data key="d0">"PERSON"</data>
      <data key="d1">"Alex is a character who experiences frustration and is observant of the dynamics among other characters."&lt;SEP&gt;"Alex is a character who experiences frustration and is observant of the dynamics among other characters."&lt;SEP&gt;"Alex is an individual who has worked hard to get to where he is today, showing determination and resilience."&lt;SEP&gt;"Alex is the leader of the team that talks with an unknown intelligence, explaining his actions and interactions."&lt;SEP&gt;"Alex is the leader of a team working on the First Contact with the unknown intelligence, showing his confidence and determination in handling the task."|&lt;SEP&gt;"Alex is a character who rides a power wheelchair for his first day of work at the group home."&lt;SEP&gt;"Alex is a person who performs actions such as keeping themselves busy and scheduling meals for the team."&lt;SEP&gt;"Alex is in a position where he works directly under Sam's supervision, observing his guidance and learning from him as he prepares for his new responsibilities at the group home."</data>
      <data key="d2">chunk-ce12e839ba48a2e1dd0e24b6552852dc&lt;SEP&gt;chunk-b6c8bdb45a88cec7acfc1dd47b412536&lt;SEP&gt;chunk-0fa4aea6907b24f5251fab69a5493db2&lt;SEP&gt;chunk-2ded4326fb07bfd3bdd06075e56639b9&lt;SEP&gt;chunk-cd7f61cc9ac8b819042d49f0859ad7b3&lt;SEP&gt;chunk-666af8f2596098402ab2a0dd325745f8&lt;SEP&gt;chunk-afd52b96ca59c0c2f5c0b5b202845c30</data>
    </node>
    <node id="&quot;ALONE IN THE WORLD&quot;">
      <data key="d0">"CATEGORY"</data>
      <data key="d1">"The context of solitude and a sense of isolation." "Loneliness can be challenging for many individuals to face alone, but it’s also something that many have faced through their journey into adulthood." "It's important to remember that we are not alone, even when we feel isolated or downcast."</data>
      <data key="d2">chunk-2ded4326fb07bfd3bdd06075e56639b9</data>
    </node>
    <node id="&quot;SNOWSTORM&quot;">
      <data key="d0">"EVENT"</data>
      <data key="d1">"The snowstorm is a significant event affecting the weather conditions."</data>
      <data key="d2">chunk-730ffa8df0e69788708b0f0b764c60cf</data>
    </node>
    <node id="&quot;TV DEVICE&quot;">
      <data key="d0">"DEVICE"</data>
      <data key="d1">"I used the air writing technique to type my message into the device." ""</data>
      <data key="d2">chunk-730ffa8df0e69788708b0f0b764c60cf</data>
    </node>
    <node id="&quot;JENNIFER&quot;">
      <data key="d0">"PERSON"</data>
      <data key="d1">"Jennifer is a character who works with Kelly on meeting times at the living room, showing a mix of stress and teasing between them."&lt;SEP&gt;"Jennifer is a close friend of Todd's and helps him keep up with his daily activities."&lt;SEP&gt;"Jennifer is a friend from her place, known for her housewarming activities."|&lt;SEP&gt;"Jennifer is a woman who works at Camp Chautauqua Lake, N.Y.", "she worked as a guide for visitors during summer vacation."&lt;SEP&gt;"Jennifer is a woman who works with Todd and helps him put a shirt on Todd's body in the bathroom."&lt;SEP&gt;"Jennifer is the character who is staying over for a few days with her parents in Florida."&lt;SEP&gt;"Jennifer is the girl being helped by Eric in front of the TV, showing an emotional and caring demeanor."&lt;SEP&gt;"Jennifer is the narrator of the text who informs Alex about her condition."&lt;SEP&gt;"Jennifer is the subject of the text, described as a model who needs to be played with."&lt;SEP&gt;"Jennifer is a member of a school bus that carries students to Camp Chautauqua."&lt;SEP&gt;"Jennifer is an unknown intelligence agent who works with Alex and is helping them prepare for the First Contact event."&lt;SEP&gt;"Jennifer is the character who cleans up the room and provides help with the laundry."&lt;SEP&gt;"Jennifer is a member of the team working on writing their first computer program, showing a mix of sadness and frustration."&lt;SEP&gt;"Jennifer is responsible for overseeing the staff's activities and tasks."&lt;SEP&gt;"Jennifer is the wife of a friend who helps people with disabilities."&lt;SEP&gt;"Jennifer is a character who works with Todd and helps him in his dream."&lt;SEP&gt;"Jennifer is a member of the team who provides support and care for Todd, showing her concern for his well-being."&lt;SEP&gt;"Jennifer is an individual character who discusses her interaction with the technology in the text."</data>
      <data key="d2">chunk-ecea3edb718748d174f7acc48452a499&lt;SEP&gt;chunk-0765e32f63a541956d55d35497686911&lt;SEP&gt;chunk-c285cff81af8614c5a85926d318525bf&lt;SEP&gt;chunk-0d77177017c24b101aa1369387b51e31&lt;SEP&gt;chunk-b04d466cced64aba20f85468087af9b4&lt;SEP&gt;chunk-9f89c6a2bea075750a46fce41b87cbb3&lt;SEP&gt;chunk-be386d9f76e389e1fefb5ea81daa0d07&lt;SEP&gt;chunk-ee05fd4ea42c740aa7262eb6039467c3&lt;SEP&gt;chunk-0fa4aea6907b24f5251fab69a5493db2&lt;SEP&gt;chunk-2af3133c98fa99448dcac0d5b534eb9c&lt;SEP&gt;chunk-b6c8bdb45a88cec7acfc1dd47b412536&lt;SEP&gt;chunk-052d30d07bb02493fc4a10e12e63deea&lt;SEP&gt;chunk-1554777f23e351a53abe77db310253bb&lt;SEP&gt;chunk-afd52b96ca59c0c2f5c0b5b202845c30&lt;SEP&gt;chunk-730ffa8df0e69788708b0f0b764c60cf&lt;SEP&gt;chunk-12b9966a1210bda93d3c368ac9239508&lt;SEP&gt;chunk-666af8f2596098402ab2a0dd325745f8&lt;SEP&gt;chunk-5b8c366ee59622120a9205d1d1537bc5</data>
    </node>
    <node id="&quot;ERIC&quot;">
      <data key="d0">"PERSON"</data>
      <data key="d1">"Eric is the text-based staff member who called Jennifer off the radar."</data>
      <data key="d2">chunk-730ffa8df0e69788708b0f0b764c60cf</data>
    </node>
    <node id="&quot;DOCTOR&quot;">
      <data key="d0">"ORGANIZATION"</data>
      <data key="d1">"Doctor does not have a specific legal status as it refers to someone with medical qualifications or training."&lt;SEP&gt;"The doctor is an individual who provides medical services and works in a healthcare setting."</data>
      <data key="d2">chunk-85f3e2ed6869e8cae5b931361cc77b78&lt;SEP&gt;chunk-28fbd2f552122d41e0785925924e25b3</data>
    </node>
    <node id="&quot;PARENTS' BEDROOM&quot;&lt;/TEXT&gt;&quot;&quot;ORGANIZATION&quot;">
      <data key="d0">"PARENTS' BEDROOM IS THE LIVING SPACE FOR MY PARENTS, WITH FURNITURE LIKE BEDS THAT CAN BE MOVED AROUND.", "ENTITY"</data>
      <data key="d1">"my sister's bed"&lt;/text&gt;""geo", "My sister's bed is the part of her room where she sleeps and has some features such as a mattress and a nightlight."</data>
      <data key="d2">chunk-f84f850c5e96c24411f4b44f51c94d62</data>
    </node>
    <node id="&quot;THE BROTHER'S HOUSE&quot;">
      <data key="d0">"ORGANIZATION"</data>
      <data key="d1">"The brother's house is a location where the narrator and his sister live.", "entity"</data>
      <data key="d2">chunk-f84f850c5e96c24411f4b44f51c94d62</data>
    </node>
    <node id="&quot;CHUCK&lt;BR&gt;BROTHER&quot;|&gt;(PERSON)">
      <data key="d0">"BOB"</data>
      <data key="d1">"brother"</data>
      <data key="d2">chunk-19e5f4b0352822d61676229652f30d75</data>
    </node>
    <node id="&quot;THE HOUSE'S DESCRIPTION&quot;">
      <data key="d0">"ORGANIZATION","THE HOUSE IS A LARGE PROPERTY THAT HAS BEEN BUILT BY THE NARRATOR AND HIS SIBLINGS.", "ENTITY"</data>
      <data key="d1">"my parents' bedroom"&lt;/text&gt;""organization","Parents' bedroom in my living space, with furniture like beds that can be moved around."|</data>
      <data key="d2">chunk-f84f850c5e96c24411f4b44f51c94d62</data>
    </node>
    <node id="&quot;LEGS&quot;">
      <data key="d0">"ORGINAL_ENTITY"</data>
      <data key="d1">"The legs mentioned in this text are likely referring to one's body parts that can be affected by a disease or injury."</data>
      <data key="d2">chunk-85f3e2ed6869e8cae5b931361cc77b78</data>
    </node>
    <node id="&quot;YOUR DAD&quot;">
      <data key="d0">"PERSON"</data>
      <data key="d1">"your dad is the father of Todd who met his mother."</data>
      <data key="d2">chunk-d68b99eea1a0249e7623b6af669c4128</data>
    </node>
    <node id="&quot;CAMPING&quot;">
      <data key="d0">"EVENT"</data>
      <data key="d1">"camping refers to outdoor activities such as hiking, camping, and fishing."</data>
      <data key="d2">chunk-85f3e2ed6869e8cae5b931361cc77b78</data>
    </node>
    <node id="&quot;YOUR MOM&quot;">
      <data key="d0">"PERSON"</data>
      <data key="d1">"your mom is the mother of your dad."</data>
      <data key="d2">chunk-d68b99eea1a0249e7623b6af669c4128</data>
    </node>
    <node id="&quot;THE OTHER SIDE OF OUR HOUSE&quot;">
      <data key="d0">"ORGANIZATION"</data>
      <data key="d1">"The other side of our house is the neighbor's property, which is part of the narrator and his sister's living space.", "entity"</data>
      <data key="d2">chunk-f84f850c5e96c24411f4b44f51c94d62</data>
    </node>
    <node id="&quot;FAMILY&quot;">
      <data key="d0">"GEO"</data>
      <data key="d1">"Family refers to the group of people living together or belonging to a same household."</data>
      <data key="d2">chunk-85f3e2ed6869e8cae5b931361cc77b78</data>
    </node>
    <node id="&quot;THE COUCHES&quot;">
      <data key="d0">"GEO"</data>
      <data key="d1">"The couches are described as sitting by themselves in a room and their purpose is to accommodate people's needs."|</data>
      <data key="d2">chunk-f84f850c5e96c24411f4b44f51c94d62</data>
    </node>
    <node id="&quot;MR. T&quot;">
      <data key="d0">"PERSON"</data>
      <data key="d1">"Mr. T is a man who has the power to help the people in the family."</data>
      <data key="d2">chunk-9f89c6a2bea075750a46fce41b87cbb3</data>
    </node>
    <node id="&quot;JOHN&quot;">
      <data key="d0">"PERSON"</data>
      <data key="d1">"John is a student from a high school."|</data>
      <data key="d2">chunk-4f9339bc09d2c2c5129d7a201e87266c</data>
    </node>
    <node id="&quot;THE TEST&quot;">
      <data key="d0">"EVENT"</data>
      <data key="d1">"The test was a simulated interview where Alex asked questions to find out if he had a high IQ."|</data>
      <data key="d2">chunk-b6c8bdb45a88cec7acfc1dd47b412536</data>
    </node>
    <node id="&quot;MY HEARING AIDS&quot;">
      <data key="d0">"ORGANISM"</data>
      <data key="d1">"my hearing aids are a collection of electronic devices used for communication and listening."</data>
      <data key="d2">chunk-3b3fc6f7ec8d15e621d18852acea4f18</data>
    </node>
    <node id="&quot;MR. &amp; MRS. BARRETT&quot;">
      <data key="d0">"ORGANIZATION"</data>
      <data key="d1">"Mr. &amp; Mrs. Barrett are a couple who have a family with two children."</data>
      <data key="d2">chunk-9f89c6a2bea075750a46fce41b87cbb3</data>
    </node>
    <node id="&quot;CAMP CHAUTAUQUA LAKE, N.Y.">
      <data key="d0">"LOCATION"</data>
      <data key="d1">"Camp Chautauqua Lake is a place where Jennifer and her family camped out during summer vacation."&lt;SEP&gt;"Camp Chautauqua Lake is a place where Todd and his family camped out during summer vacation."</data>
      <data key="d2">chunk-9f89c6a2bea075750a46fce41b87cbb3</data>
    </node>
    <node id="&quot;TEACHER&quot;">
      <data key="d0">"PERSON"</data>
      <data key="d1">"Teacher is a student who facilitates learning and guidance, representing the role of an authority figure."&lt;SEP&gt;"teacher is an educational figure and a teacher at Camp Chautauqua, representing the institution."&lt;SEP&gt;"teacher is portrayed as an authority figure in the classroom, giving instructions to students about their schoolwork."</data>
      <data key="d2">chunk-3b3fc6f7ec8d15e621d18852acea4f18&lt;SEP&gt;chunk-44d29a2a38d5110118d66992671a2ee6&lt;SEP&gt;chunk-34e01980e2dd0c0162d0384f72e6238e</data>
    </node>
    <node id="&quot;THE TEAM&quot;">
      <data key="d0">"ORGANIZATION"</data>
      <data key="d1">"The team is described as a group of individuals who have been working together since day one of the project, indicating their determined efforts in completing it."</data>
      <data key="d2">chunk-3b3fc6f7ec8d15e621d18852acea4f18</data>
    </node>
    <node id="&quot;SNOWMAN&quot;">
      <data key="d0">"TECHNOLOGY"</data>
      <data key="d1">"A snowman is an artificial object that can move and change shape based on weather conditions."(None of the previous entity descriptions could be generated as there are no additional entities identified.</data>
      <data key="d2">chunk-be386d9f76e389e1fefb5ea81daa0d07</data>
    </node>
    <node id="&quot;WE PARK THE CAR&quot;">
      <data key="d0">"EVENT"</data>
      <data key="d1">"We parked the car at the garage before heading out on our trip to the house."</data>
      <data key="d2">chunk-eb79bfe9ace50d5d9b7f6cebac169b22</data>
    </node>
    <node id="&quot;CAR窗外的雪景&quot;">
      <data key="d0">"SCENE"</data>
      <data key="d1">"A snowy car outside suggests that a car is moving due to the snow falling on the road."</data>
      <data key="d2">chunk-be386d9f76e389e1fefb5ea81daa0d07</data>
    </node>
    <node id="&quot;MRS. SARAN&quot;">
      <data key="d0">"PERSON"</data>
      <data key="d1">"Mrs. Saran is a teacher who helps with homework assignments."&lt;SEP&gt;"Mrs. Saran is a teacher who works with students and has helped them in various ways during the school day."</data>
      <data key="d2">chunk-09839d3ef0d05938e131a9953ce0e1ed&lt;SEP&gt;chunk-c74638e0389ee9b383aeb35fb23a5b87</data>
    </node>
    <node id="&quot;THE WHEELCHAIR RAMP&quot;">
      <data key="d0">"GEOGRAPHIC_FEATURE"</data>
      <data key="d1">"The wheelchair ramp is a feature of our home where we have ramps going into the house, indicating its location in our community."</data>
      <data key="d2">chunk-eb79bfe9ace50d5d9b7f6cebac169b22</data>
    </node>
    <node id="&quot;OUR HOUSE&quot;&lt;/TEXT&gt;&quot;">
      <data key="d0">"GEO"</data>
      <data key="d1">"Our house is a residence we live in, showing its nature as a place for us to live and interact with each other."</data>
      <data key="d2">chunk-eb79bfe9ace50d5d9b7f6cebac169b22</data>
    </node>
    <node id="&quot;GRANDMA&quot;&lt;/TEXT&gt;&quot;">
      <data key="d0">"PERSON"</data>
      <data key="d1">"My grandmother is the older sister of the father in our family, showing their relationship as a mother and daughter."</data>
      <data key="d2">chunk-eb79bfe9ace50d5d9b7f6cebac169b22</data>
    </node>
    <node id="&quot;SCHOOL BUS&quot;">
      <data key="d0">"GEO"</data>
      <data key="d1">"school bus" is an object of a type "object", and it shows transportation options."</data>
      <data key="d2">chunk-59863621681a8c0aae14840ad571b511</data>
    </node>
    <node id="&quot;MRS. GRILL&quot;">
      <data key="d0">"PERSON"</data>
      <data key="d1">"Mrs. Grill is a teacher who helps set up computers for her students at home, using Touch Talker to assist them."</data>
      <data key="d2">chunk-09839d3ef0d05938e131a9953ce0e1ed</data>
    </node>
    <node id="&quot;AFTER SCHOOL PROGRAM&quot;">
      <data key="d0">"EVENT"</data>
      <data key="d1">"after-school program" is a new educational initiative that aims to provide students with additional activities outside the school day."</data>
      <data key="d2">chunk-59863621681a8c0aae14840ad571b511</data>
    </node>
    <node id="&quot;APPLE SYSTEM COMPUTER&quot;">
      <data key="d0">"ORGANIZATION"</data>
      <data key="d1">"Apple System Computer is the central device that houses computers for the school."</data>
      <data key="d2">chunk-09839d3ef0d05938e131a9953ce0e1ed</data>
    </node>
    <node id="&quot;THE CAMPGROUND&quot;">
      <data key="d0">"GEO"</data>
      <data key="d1">"the campground is a place where people go to camp, and it is mentioned in the text as being in close proximity to winter."|</data>
      <data key="d2">chunk-ddd1f0b4000a4b28b28efafae95f9a94</data>
    </node>
    <node id="&quot;BILL&quot;">
      <data key="d0">"PERSON"</data>
      <data key="d1">"Bill is a character in the text who interacts with Kelly and mentions seeing her on Monday, indicating their relationship."&lt;SEP&gt;"Bill is an individual who is talking to his friend and has moved away from him. He does not appear in the document."&lt;SEP&gt;"Bill is the individual who owns and manages the place where they are staying, showing a relationship with their team members."</data>
      <data key="d2">chunk-6d6da6c4a1c29ac973493281d003e271&lt;SEP&gt;chunk-be386d9f76e389e1fefb5ea81daa0d07&lt;SEP&gt;chunk-33f1e3ad3084e44cc44b18c2acd7a6c2</data>
    </node>
    <node id="&quot;CAR PARK&quot;&lt;/TEXT&gt;&quot;">
      <data key="d0">"GEOGRAPHIC_FEATURE"</data>
      <data key="d1">"The car park is an area where we have parking spaces for our vehicles, showing its nature as a place of storage."</data>
      <data key="d2">chunk-eb79bfe9ace50d5d9b7f6cebac169b22</data>
    </node>
    <node id="&quot;TOUCH TALKER&quot;">
      <data key="d0">"TECHNOLOGY"</data>
      <data key="d1">"touch talker is a device that allows users to communicate with the computer through hand gestures and voice commands."|</data>
      <data key="d2">chunk-09839d3ef0d05938e131a9953ce0e1ed</data>
    </node>
    <node id="&quot;SNOWFALL&quot;">
      <data key="d0">"EVENT"</data>
      <data key="d1">"Snowfall indicates a weather event where there is snow and a lot of it coming down."&lt;SEP&gt;"Snowfall refers to the continuous accumulation of snow that falls from the sky." (text: "The snow was falling in the background. "&lt;SEP&gt;"The snow described in the text is falling from the sky, which caused some concern for Todd. The text does not explicitly describe what type of snow the wind was causing."</data>
      <data key="d2">chunk-052d30d07bb02493fc4a10e12e63deea&lt;SEP&gt;chunk-be386d9f76e389e1fefb5ea81daa0d07</data>
    </node>
    <node id="&quot;JENNIFER'S ROOMMATE&quot;">
      <data key="d0">"PERSON"</data>
      <data key="d1">"Jennifer has moved out and her roommates no longer live together with her. They might be the ones playing on the couch."</data>
      <data key="d2">chunk-be386d9f76e389e1fefb5ea81daa0d07</data>
    </node>
    <node id="&quot;MY UNCLE&quot;">
      <data key="d0">"PERSON"</data>
      <data key="d1">"My uncle is a father and grandson that live with us, showing their relationship."</data>
      <data key="d2">chunk-eb79bfe9ace50d5d9b7f6cebac169b22</data>
    </node>
    <node id="&quot;JOHN R&quot;">
      <data key="d0">"PERSON"</data>
      <data key="d1">"John R is an important character in the story, having passed away and being replaced by Mrs. Rude."|</data>
      <data key="d2">chunk-c74638e0389ee9b383aeb35fb23a5b87</data>
    </node>
    <node id="&quot;TAYLOR&quot;">
      <data key="d0">"PERSON"</data>
      <data key="d1">"Taylor is a character who has authoritarian certainty and shows reverence towards a device, indicating a change in perspective."&lt;SEP&gt;"Taylor is portrayed with authoritarian certainty and shows a moment of reverence towards a device, indicating a change in perspective."&lt;SEP&gt;"Taylor is portrayed with authoritarian certainty and shows a moment of reverence towards a device, indicating a change in perspective."&lt;SEP&gt;"Taylor is portrayed with authoritarian certainty and shows a moment of reverence towards a device, indicating a change in perspective."&lt;SEP&gt;"Taylor is portrayed as an authoritarian figure and shows a moment of reverence towards the device, indicating a change in perspective."|&lt;SEP&gt;"Taylor is portrayed as an individual character who interacts with the world outside of their immediate surroundings."|</data>
      <data key="d2">chunk-0fa4aea6907b24f5251fab69a5493db2&lt;SEP&gt;chunk-72b0b2ed6c32433e9b220220234a46a9&lt;SEP&gt;chunk-7ea045c5beca44188adcf44cc4ee499d&lt;SEP&gt;chunk-0e65312deae94b396564374058f11473&lt;SEP&gt;chunk-12b9966a1210bda93d3c368ac9239508</data>
    </node>
    <node id="&quot;TEACHERS&quot;">
      <data key="d0">"ORGANIZATION"</data>
      <data key="d1">"Teachers are members of organizations that provide education and training for students."</data>
      <data key="d2">chunk-34e01980e2dd0c0162d0384f72e6238e</data>
    </node>
    <node id="&quot;LOCAL COFFEE SHOP&quot;">
      <data key="d0">"EVENT"</data>
      <data key="d1">("A selection of coffee in a local coffee shop", "The narrator ordered an ice cream sundae from a coffee shop.", "They had a group discount for the day at the coffee shop."</data>
      <data key="d2">chunk-d56e76a2b3fc16cf3a7f11e3bb97f78f</data>
    </node>
    <node id="&quot;CAMP CHAUTAUQUA&quot;">
      <data key="d0">"EVENT"</data>
      <data key="d1">"Camp Chautauqua is described as a place where students spend time after school."&lt;SEP&gt;"camp Chautauqua is a campground in Washington D.C., which is the main location of the event."</data>
      <data key="d2">chunk-34e01980e2dd0c0162d0384f72e6238e&lt;SEP&gt;chunk-ecea3edb718748d174f7acc48452a499</data>
    </node>
    <node id="&quot;JOHN F. KENNEDY&quot;">
      <data key="d0">"PERSON"</data>
      <data key="d1">"John F. Kennedy is a known political figure with a biography of becoming president of the United States and playing an important role in the American Civil War."</data>
      <data key="d2">chunk-d56e76a2b3fc16cf3a7f11e3bb97f78f</data>
    </node>
    <node id="&quot;GETTYSBURG PENNSYLVANIA&quot;">
      <data key="d0">"GEO"</data>
      <data key="d1">2 hours, 15 minutes before the school bus arrives"</data>
      <data key="d2">chunk-d56e76a2b3fc16cf3a7f11e3bb97f78f</data>
    </node>
    <node id="&quot;MOUNT RUSHMORE&quot;">
      <data key="d0">"EVENT"</data>
      <data key="d1">"Mount Rushmore is a famous monument that commemorates American presidents.", "The trip ends with us returning to our camping location after enjoying the journey, feeling refreshed and rejuvenated."</data>
      <data key="d2">chunk-d56e76a2b3fc16cf3a7f11e3bb97f78f</data>
    </node>
    <node id="&quot;BATTLEFIELD&quot;">
      <data key="d0">"EVENT"</data>
      <data key="d1">"battlefield is the location where the event takes place, which is a battlefield in Washington D.C., where we were at Camp Chautauqua."</data>
      <data key="d2">chunk-34e01980e2dd0c0162d0384f72e6238e</data>
    </node>
    <node id="&quot;ITALIAN RESTAURANT&quot;">
      <data key="d0">"EVENT"</data>
      <data key="d1">("The Best Restaurants in the World" newspaper headline", "A group of people looking nice and laughing around the table in an Italian restaurant"</data>
      <data key="d2">chunk-d56e76a2b3fc16cf3a7f11e3bb97f78f</data>
    </node>
    <node id="&quot;ALEX&quot;&lt;/TEXT&gt;">
      <data key="d0">"PERSON"</data>
      <data key="d1">"Alex is the leader of a team attempting first contact with an unknown intelligence, showing his position within the group and his primary mission."</data>
      <data key="d2">chunk-5b8fe1faab56a98bd56909b9397e8850</data>
    </node>
    <node id="&quot;SCHOOL 84&quot;">
      <data key="d0">"ORGANIZATION"</data>
      <data key="d1">"School 84 refers to an educational institution where Todd was enrolled."</data>
      <data key="d2">chunk-e9cdbd172d6c98dafdcbd05ba0b3dc5d</data>
    </node>
    <node id="&quot;FIRST CONTACT&quot;&lt;/TEXT&gt;">
      <data key="d0">"EVENT"</data>
      <data key="d1">"First Contact is the potential initial communication between humanity and an unknown intelligence, representing the main action taking place in the narrative."</data>
      <data key="d2">chunk-5b8fe1faab56a98bd56909b9397e8850</data>
    </node>
    <node id="&quot;CAMPING CHAUTAUQUA&quot;">
      <data key="d0">"GEO"</data>
      <data key="d1">"Camping Chautauqua is a vacation location that supports students in the summer break."</data>
      <data key="d2">chunk-7fbed1adcd5ccc29426ff4f84bfb6aec</data>
    </node>
    <node id="&quot;SAM RIVERA&quot;">
      <data key="d0">"PERSON"</data>
      <data key="d1">"Sam Rivera is a member of a team working on communicating with an unknown intelligence, indicating its role as the originator and participant in the communication process between the characters."&lt;SEP&gt;"Sam Rivera is a nurse working with Alex to prepare him for his new responsibilities at the group home."&lt;SEP&gt;"Sam Rivera is a nurse working with Alex to take him on his journey to the workshop and prepare him for his new responsibilities."</data>
      <data key="d2">chunk-5b8fe1faab56a98bd56909b9397e8850&lt;SEP&gt;chunk-ce12e839ba48a2e1dd0e24b6552852dc</data>
    </node>
    <node id="&quot;TORONTO&quot;">
      <data key="d0">"GEO"</data>
      <data key="d1">"Toronto is a city, representing the main location in this story and providing context for the trip."</data>
      <data key="d2">chunk-ecea3edb718748d174f7acc48452a499</data>
    </node>
    <node id="&quot;CRUZ&quot;">
      <data key="d0">"PERSON"</data>
      <data key="d1">"Cruz is an individual who has a vision of control and order, influencing the dynamics among other characters."&lt;SEP&gt;"Cruz is associated with a vision of control and order, influencing the dynamics among other characters."&lt;SEP&gt;"Cruz is associated with a vision of control and order, influencing the dynamics among other characters."&lt;SEP&gt;"Cruz is associated with a vision of control and order, influencing the dynamics among other characters."</data>
      <data key="d2">chunk-0fa4aea6907b24f5251fab69a5493db2&lt;SEP&gt;chunk-72b0b2ed6c32433e9b220220234a46a9&lt;SEP&gt;chunk-0e65312deae94b396564374058f11473&lt;SEP&gt;chunk-cd7f61cc9ac8b819042d49f0859ad7b3</data>
    </node>
    <node id="&quot;LIZ&quot;">
      <data key="d0">"PERSON"</data>
      <data key="d1">"Liz has a difficult time managing her own life independently and is being helped by someone else."</data>
      <data key="d2">chunk-d448fe07a1bae3a487a4bcf4d18f91af</data>
    </node>
    <node id="&quot;CANADA&quot;">
      <data key="d0">"GEO"</data>
      <data key="d1">"Canada is a country, with Toronto as its capital and bordering on the United States."</data>
      <data key="d2">chunk-182f89a1867197e18312821bcc1f974f</data>
    </node>
    <node id="&quot;THE WORKSHOP&quot;">
      <data key="d0">"EVENT"</data>
      <data key="d1">"The workshop is a place where people go to work and learn new skills."&lt;SEP&gt;"The workshop is an activity involving Alex, the nurse, and Sam, who are working together to prepare him for his new role as the group home caretaker."</data>
      <data key="d2">chunk-ce12e839ba48a2e1dd0e24b6552852dc&lt;SEP&gt;chunk-4910aedb657a1216cabbb8d73fad916d</data>
    </node>
    <node id="&quot;THE PLAY&quot;">
      <data key="d0">"EVENT"</data>
      <data key="d1">"The play is an educational event where students are interacting with each other through a digital platform."</data>
      <data key="d2">chunk-44d29a2a38d5110118d66992671a2ee6</data>
    </node>
    <node id="&quot;THE OWNER&quot;">
      <data key="d0">"PERSON"</data>
      <data key="d1">"The owner of the workshop is identified as Sam Rivera."</data>
      <data key="d2">chunk-4910aedb657a1216cabbb8d73fad916d</data>
    </node>
    <node id="&quot;MR. B&quot;">
      <data key="d0">"PERSON"</data>
      <data key="d1">"Mr. B is a teacher at the school and is involved in communication with students."</data>
      <data key="d2">chunk-44d29a2a38d5110118d66992671a2ee6</data>
    </node>
    <node id="&quot;DRIVERS&quot;">
      <data key="d0">"ORGANIZATION"</data>
      <data key="d1">"Drivers are members of the team working on communicating with an unknown intelligence, showing a mix of awe and anxiety. They represent the group that works around the unknown intelligence."</data>
      <data key="d2">chunk-4910aedb657a1216cabbb8d73fad916d</data>
    </node>
    <node id="&quot;UNDERPANTS&quot;">
      <data key="d0">"OBJECT"</data>
      <data key="d1">"The Underpants are the materials used to cover one's body during preparation for a new activity or event, which includes Alex's towel."</data>
      <data key="d2">chunk-666af8f2596098402ab2a0dd325745f8</data>
    </node>
    <node id="&quot;INTELLIGENCE&quot;&lt;/TEXT&gt;">
      <data key="d0">"CONCEPT"</data>
      <data key="d1">"Intelligence refers to a secret or complex information that has been hidden from the public."</data>
      <data key="d2">chunk-5b8fe1faab56a98bd56909b9397e8850</data>
    </node>
    <node id="&quot;GRANDMA&quot;">
      <data key="d0">"PERSON"</data>
      <data key="d1">"The grandmother who lives at the workshop is identified as my grandmother."</data>
      <data key="d2">chunk-4910aedb657a1216cabbb8d73fad916d</data>
    </node>
    <node id="&quot;THE FIRST CONTACT&quot;">
      <data key="d0">"EVENT"</data>
      <data key="d1">"The First Contact is the potential first contact with an unknown intelligence, indicating its significance and importance in the story."</data>
      <data key="d2">chunk-666af8f2596098402ab2a0dd325745f8</data>
    </node>
    <node id="&quot;MARTHA&quot;">
      <data key="d0">"PERSON"</data>
      <data key="d1">"Martha is an individual who is trying to show how special she is by sitting with Todd in her place."</data>
      <data key="d2">chunk-cd7f61cc9ac8b819042d49f0859ad7b3</data>
    </node>
    <node id="&quot;JORDAN&quot;">
      <data key="d0">"PERSON"</data>
      <data key="d1">"Jordan shares a commitment to discovery and has a significant interaction with Taylor regarding a device."&lt;SEP&gt;"Jordan shares a commitment to discovery and has a significant interaction with Taylor regarding a device."&lt;SEP&gt;"Jordan shares a commitment to discovery and has a significant interaction with Taylor regarding the device."</data>
      <data key="d2">chunk-0fa4aea6907b24f5251fab69a5493db2&lt;SEP&gt;chunk-72b0b2ed6c32433e9b220220234a46a9&lt;SEP&gt;chunk-0e65312deae94b396564374058f11473</data>
    </node>
    <node id="&quot;TODD&quot;">
      <data key="d0">"PERSON"</data>
      <data key="d1">"Todd has an understanding of the group home system and wants to make it easier for her."&lt;SEP&gt;"Todd is a character who interacts with the manager downstairs, showing his level of engagement and interest."&lt;SEP&gt;"Todd is an adult male character who plays the role of the first-person narrator."&lt;SEP&gt;"Todd is the manager who is responsible for the bathroom and provides towels for people staying in his room."&lt;SEP&gt;"Todd is an individual who works for the company, showing a mix of positive and negative aspects."&lt;SEP&gt;"Todd is a character who has an argument with the other person and is trying to convince them not to go to Alaska."&lt;SEP&gt;"Todd is a close friend of Kelly's mother who helps Todd manage his responsibilities and provide emotional support while he takes care of himself."&lt;SEP&gt;"Todd is a member of the group that goes to dinner with Kelly."|&lt;SEP&gt;"Todd is the male protagonist in the story and the primary narrator of the events."</data>
      <data key="d2">chunk-9a9afc3e86fdf66d7772a7dc18f1529c&lt;SEP&gt;chunk-5b8fe1faab56a98bd56909b9397e8850&lt;SEP&gt;chunk-0fa4aea6907b24f5251fab69a5493db2&lt;SEP&gt;chunk-2d33b36d411f9bd315ce1e4b8c9a5783&lt;SEP&gt;chunk-e9688dbb1935300d326bb554759d96ec&lt;SEP&gt;chunk-2d5b42b4d03646c1f1ee653315d1e79e&lt;SEP&gt;chunk-4be78179309520d47485c4678fb51ce8&lt;SEP&gt;chunk-c1130aaf2fb68fef9a24801728e6704f&lt;SEP&gt;chunk-70d9493f58aed46e2ff650f9876f7bff</data>
    </node>
    <node id="&quot;AMY&quot;">
      <data key="d0">"PERSON"</data>
      <data key="d1">"Amy is Todd's girlfriend and friend who works at the bar at the same time as him."&lt;SEP&gt;"Amy is a female character who has left the mall with her boyfriend."|&lt;SEP&gt;"Amy is a girlfriend of Todd, keeping an eye on her belongings and cleaning the bathtub for him."|&lt;SEP&gt;"Amy is the friend of Kelly and was asked by her to help me with my computer message on Wednesday night."</data>
      <data key="d2">chunk-4be78179309520d47485c4678fb51ce8&lt;SEP&gt;chunk-dbef05eb7dd6800acabc1165a724d10d&lt;SEP&gt;chunk-c2c4d740c12f77bcb947c6b31e4a055b&lt;SEP&gt;chunk-574e66cda79f99491d2d9eeffb12b7d4</data>
    </node>
    <node id="&quot;MANAGER&quot;">
      <data key="d0">"PERSON"</data>
      <data key="d1">"Manager is a supervisor who oversees the caseworker's work and interacts with other employees, showing her authority and responsibility."&lt;SEP&gt;"Manager represents a group home setting where Todd is a key individual and involved in daily operations."&lt;SEP&gt;"The group home has a formal structure, including its managers and other team members."</data>
      <data key="d2">chunk-e9688dbb1935300d326bb554759d96ec&lt;SEP&gt;chunk-69e3ce17b18f603bd7af2b58e34473a8&lt;SEP&gt;chunk-9a9afc3e86fdf66d7772a7dc18f1529c</data>
    </node>
    <node id="&quot;MY PARENTS&quot;">
      <data key="d0">"ORGANIZATION"</data>
      <data key="d1">"My parents are described as employees of my brother's company, indicating their role and ownership in the business."&lt;SEP&gt;"my parents are a couple who have a week off after their vacation."|</data>
      <data key="d2">chunk-5f665b886b9a4912fda9d4fb62c7d843&lt;SEP&gt;chunk-3b5b08ae44fb8c57ff9c9858c8694071</data>
    </node>
    <node id="&quot;PARENTS&quot;">
      <data key="d0">"ORGANIZATION"</data>
      <data key="d1">"Parents are the group home where the speaker is living and their children live together."&lt;SEP&gt;"Parents represent the group home where Alex's mother works, which is a person."|</data>
      <data key="d2">chunk-7bba40ee6dd2ced22e2bc7876977063c&lt;SEP&gt;chunk-3b5b08ae44fb8c57ff9c9858c8694071</data>
    </node>
    <node id="&quot;KELLY&quot;">
      <data key="d0">"PERSON"</data>
      <data key="d1">"Kelly is a character who was adopted and her parents gave her life to grow up never wanting to be adopted by anyone.", "relationship"&lt;SEP&gt;In the provided data, "KELLY" appears as a member of two groups:

1. She interacts with other characters in the group home where she has been staying for 20 days and missing out on Mother's Day.
2. She is associated with a movie company that produced the given text.

The information about Kelly being associated with the movie company suggests that she works there as a care coordinator or another role. Her interactions with other characters in the group home indicate a potential romantic interest. However, without more specific details from all descriptions, I cannot provide a single comprehensive summary of her activities or connections.</data>
      <data key="d2">chunk-6d8bad1d6158665e2dff0eb01b7492d5&lt;SEP&gt;chunk-0d18a160d2f2496748f6a4571283e46c&lt;SEP&gt;chunk-e9688dbb1935300d326bb554759d96ec&lt;SEP&gt;chunk-989c40059a1a698c196df44b94e4ff52&lt;SEP&gt;chunk-69e3ce17b18f603bd7af2b58e34473a8&lt;SEP&gt;chunk-1002ec8d9f296a750270c6f69ab98145&lt;SEP&gt;chunk-056e6b84c86453d4b7874152074ecad9&lt;SEP&gt;chunk-2d33b36d411f9bd315ce1e4b8c9a5783&lt;SEP&gt;chunk-89e416aff5f7c91f9a518672825ef3e1&lt;SEP&gt;chunk-ee05fd4ea42c740aa7262eb6039467c3&lt;SEP&gt;chunk-042e51f4a1ad8bfe3e130a292f78167d&lt;SEP&gt;chunk-ef47d0b03222eb7e469b00004dc93381&lt;SEP&gt;chunk-641e6b4b68b76e76ef15f758da61915f&lt;SEP&gt;chunk-3925e7c8c472182005ead1fc003c780f&lt;SEP&gt;chunk-33f1e3ad3084e44cc44b18c2acd7a6c2&lt;SEP&gt;chunk-5198963dae3ba65cf932ea05dc0d09bd&lt;SEP&gt;chunk-4caeedebb15219bc2bca2577f9ac0fcc&lt;SEP&gt;chunk-d69c6ade5a7af44a0db484e41fbc1a3c&lt;SEP&gt;chunk-91a89705dcb6482db063cb260c6089d7&lt;SEP&gt;chunk-70d9493f58aed46e2ff650f9876f7bff&lt;SEP&gt;chunk-6d6da6c4a1c29ac973493281d003e271&lt;SEP&gt;chunk-59e83c07c957d02b570ee4c911c759ca&lt;SEP&gt;chunk-c2c4d740c12f77bcb947c6b31e4a055b&lt;SEP&gt;chunk-2d5b42b4d03646c1f1ee653315d1e79e&lt;SEP&gt;chunk-0fa4aea6907b24f5251fab69a5493db2&lt;SEP&gt;chunk-72b0b2ed6c32433e9b220220234a46a9</data>
    </node>
    <node id="&quot;FIRST STAFF&quot;">
      <data key="d0">"PERSON"</data>
      <data key="d1">"First Staff are staff members who work at the group home and interact with Todd on a regular basis."</data>
      <data key="d2">chunk-9a9afc3e86fdf66d7772a7dc18f1529c</data>
    </node>
    <node id="&quot;HOSPITAL&quot;">
      <data key="d0">"ORGANIZATION"</data>
      <data key="d1">"hospital serves as a place where people receive medical treatment and care."</data>
      <data key="d2">chunk-c2c4ad00ee63bb5c0f0be57699781b1b</data>
    </node>
    <node id="&quot;CAMPGROUND&quot;">
      <data key="d0">"GEO"</data>
      <data key="d1">"Campground is an outdoor recreational area that people camp or spend time at during summer holidays and weekends."</data>
      <data key="d2">chunk-7bba40ee6dd2ced22e2bc7876977063c</data>
    </node>
    <node id="&quot;SISTER&quot;">
      <data key="d0">"PERSON"</data>
      <data key="d1">"My sister is mentioned as the caretaker of the basement and she shared the responsibility with me when I visited the basement."</data>
      <data key="d2">chunk-ef99d4058b984b76230c43863c5ec198</data>
    </node>
    <node id="&quot;FIRE DRILL&quot;">
      <data key="d0">"EVENT"</data>
      <data key="d1">"Fire drills are safety procedures used to evacuate all persons from an enclosed space when there is a fire or other emergency situation.", "organization","person"&lt;SEP&gt;"fire drill is an activity involving a series of simulated fire emergencies."</data>
      <data key="d2">chunk-574e66cda79f99491d2d9eeffb12b7d4&lt;SEP&gt;chunk-c2c4ad00ee63bb5c0f0be57699781b1b</data>
    </node>
    <node id="&quot;LIVING ROOM&quot;">
      <data key="d0">"LOCATION"</data>
      <data key="d1">"Living room is a physical space where activities take place."</data>
      <data key="d2">chunk-afd52b96ca59c0c2f5c0b5b202845c30</data>
    </node>
    <node id="&quot;THE BASEMENT&quot;">
      <data key="d0">"GEO"</data>
      <data key="d1">"the basement is described as a wet location outside."</data>
      <data key="d2">chunk-ef99d4058b984b76230c43863c5ec198</data>
    </node>
    <node id="&quot;THE STAFF&quot;">
      <data key="d0">"ORGANIZATION"</data>
      <data key="d1">"The staff is composed of various individuals working on different tasks and events."</data>
      <data key="d2">chunk-afd52b96ca59c0c2f5c0b5b202845c30</data>
    </node>
    <node id="&quot;NEW STAFF&quot;">
      <data key="d0">"ORGANIZATION"</data>
      <data key="d1">"The group home has a system where new employees are assigned roles and responsibilities, including Cheryl as one of the new staff."</data>
      <data key="d2">chunk-69e3ce17b18f603bd7af2b58e34473a8</data>
    </node>
    <node id="&quot;CHERYL&quot;">
      <data key="d0">"PERSON"</data>
      <data key="d1">"Cheryl is one of the new staff that started working in the group home."</data>
      <data key="d2">chunk-69e3ce17b18f603bd7af2b58e34473a8</data>
    </node>
    <node id="&quot;WINDOW SHOPPING&quot;">
      <data key="d0">"ACTIVITY"</data>
      <data key="d1">"Window shopping refers to walking around and dressing up for clothing shows, making it a nice distraction from the actual mall."</data>
      <data key="d2">chunk-91a89705dcb6482db063cb260c6089d7</data>
    </node>
    <node id="&quot;PAT&quot;">
      <data key="d0">"PERSON"</data>
      <data key="d1">"Pat is a character who works with Kelly on the night they met and has a boyfriend."</data>
      <data key="d2">chunk-72b0b2ed6c32433e9b220220234a46a9</data>
    </node>
    <node id="&quot;GROUP HOME&quot;">
      <data key="d0">"ORGANIZATION"</data>
      <data key="d1">"Group Home is a location where the workshop takes place, indicating its importance in the story."&lt;SEP&gt;"The program is an example of a group home where we live together with other people." "A group home is a place where people stay together as a family," if there were no people at the time she was staying in it, and you're not sure about her being her friend."&lt;SEP&gt;"Group Home is an establishment that shelters individuals and provides care for them."&lt;SEP&gt;"The group home is a type of housing that houses multiple people in a single building."&lt;SEP&gt;"group home is a housing service for seniors."&lt;SEP&gt;"group home is a type of residential structure where families live together."</data>
      <data key="d2">chunk-9858a3b7aaa157ccb710de04f00b8b8d&lt;SEP&gt;chunk-59e83c07c957d02b570ee4c911c759ca&lt;SEP&gt;chunk-f5049319bdc04e1405d093ce00a28b91&lt;SEP&gt;chunk-989c40059a1a698c196df44b94e4ff52&lt;SEP&gt;chunk-266324076410005af5f7b29e0175716a&lt;SEP&gt;chunk-b93013c78f67c39ae40741e51b603fd8</data>
    </node>
    <node id="&quot;MY FRIEND&quot;">
      <data key="d0">"PERSON"</data>
      <data key="d1">"My friend is the staff member who helped me get to know you and made us comfortable in your bedroom, showing a positive relationship."</data>
      <data key="d2">chunk-266324076410005af5f7b29e0175716a</data>
    </node>
    <node id="&quot;KNOB&quot;">
      <data key="d0">"PERSON"</data>
      <data key="d1">"Knob is a manager who wants Alex and his team to come see the workshop."</data>
      <data key="d2">chunk-f5049319bdc04e1405d093ce00a28b91</data>
    </node>
    <node id="&quot;BEHAVIOR PROGRAM&quot;">
      <data key="d0">"TECHNOLOGY"</data>
      <data key="d1">"behavior program is a behavior modification method designed to address misbehaviors or negative behaviors in individuals."</data>
      <data key="d2">chunk-72e40d2a549d3b7280829c5bc5e52e77</data>
    </node>
    <node id="&quot;STAFF MEETING PARTY&quot;">
      <data key="d0">"EVENT"</data>
      <data key="d1">"Staffing meeting party refers to a gathering of staff members for an important meeting."</data>
      <data key="d2">chunk-aa5803768844e918f1ac745e37143734</data>
    </node>
    <node id="&quot;MAN&quot;">
      <data key="d0">"PERSON"</data>
      <data key="d1">"The man from the story came up with an idea for his company and he had instructions about what to do every day."</data>
      <data key="d2">chunk-f5049319bdc04e1405d093ce00a28b91</data>
    </node>
    <node id="&quot;COMPANY&quot;">
      <data key="d0">"ORGANIZATION"</data>
      <data key="d1">"Company is a business entity that operates in the travel industry, showing its growth and success."&lt;SEP&gt;"The company is a company that Alex has started and it deals with the foreign government."&lt;SEP&gt;"The company is the entity being described as an organization representing multiple employees who have a shared goal of the growth and success of the company."&lt;/&gt;, "they were a team. He was the captain and they were his employees. They had to work together to make their goals happen; it could be anything from fixing a major problem in the office or making them do something that is required by the boss."|</data>
      <data key="d2">chunk-f5049319bdc04e1405d093ce00a28b91&lt;SEP&gt;chunk-6d8bad1d6158665e2dff0eb01b7492d5&lt;SEP&gt;chunk-12b9966a1210bda93d3c368ac9239508</data>
    </node>
    <node id="&quot;WORKSHOP&quot;">
      <data key="d0">"EVENT"</data>
      <data key="d1">"Workshop is described as an event that Alex and his team are going to the group home for a program about rights.", "The workshop is important in the story because it is where Alex and his team will be taking part in the program about rights."</data>
      <data key="d2">chunk-f5049319bdc04e1405d093ce00a28b91</data>
    </node>
    <node id="&quot;LAWYER&quot;">
      <data key="d0">"PERSON"</data>
      <data key="d1">"Lawyer represents the state when Alex is visiting the group home."</data>
      <data key="d2">chunk-f5049319bdc04e1405d093ce00a28b91</data>
    </node>
    <node id="&quot;MY PROGRAM&quot;">
      <data key="d0">"ORGANIZATION"</data>
      <data key="d1">"My program is the group home where I live and stay with my boyfriend," if it wasn't for him. "The program is like a community where we hang out together." "I'm just glad that she came, though."</data>
      <data key="d2">chunk-266324076410005af5f7b29e0175716a</data>
    </node>
    <node id="&quot;THE DEVICE&quot;">
      <data key="d0">"TECHNOLOGY"</data>
      <data key="d1">"The Device is central to the story, with potential game-changing implications, and is revered by Taylor."</data>
      <data key="d2">chunk-0fa4aea6907b24f5251fab69a5493db2&lt;SEP&gt;chunk-72b0b2ed6c32433e9b220220234a46a9</data>
    </node>
    <node id="&quot;PROJECT&quot;">
      <data key="d0">"EVENT"</data>
      <data key="d1">"Project involves us in the process of working on a new project with some specific details."</data>
      <data key="d2">chunk-5198963dae3ba65cf932ea05dc0d09bd</data>
    </node>
    <node id="&quot;FRIDAY NIGHT&quot;">
      <data key="d0">"EVENT"</data>
      <data key="d1">"Friday night is the date when Kelly plans to visit Bill's place."</data>
      <data key="d2">chunk-5198963dae3ba65cf932ea05dc0d09bd</data>
    </node>
    <node id="&quot;BILL'S PLACE&quot;">
      <data key="d0">"LOCATION"</data>
      <data key="d1">"Bill's place is a location where a group home is located, indicating its importance in the narrative."&lt;SEP&gt;"Bill’s place is a group home where some disabled people live."</data>
      <data key="d2">chunk-59e83c07c957d02b570ee4c911c759ca&lt;SEP&gt;chunk-5198963dae3ba65cf932ea05dc0d09bd</data>
    </node>
    <node id="&quot;LILY&quot;">
      <data key="d0">"PERSON"</data>
      <data key="d1">"Lily has an issue with Kelly as they're both working on a project together but don't interact much. They have conflicting goals and responsibilities."</data>
      <data key="d2">chunk-89e416aff5f7c91f9a518672825ef3e1</data>
    </node>
    <node id="&quot;KATHY&quot;">
      <data key="d0">"PERSON"</data>
      <data key="d1">"Kathy is a woman who is the manager of the group home and has been working with them for some time now. She works on ensuring that everything is running smoothly for her clients."</data>
      <data key="d2">chunk-4caeedebb15219bc2bca2577f9ac0fcc</data>
    </node>
    <node id="&quot;MISSED ENTITY &quot;">
      <data key="d0">&lt;ENTITY_NAME&gt;"</data>
      <data key="d1">&lt;entity_type&gt;"</data>
      <data key="d2">chunk-4caeedebb15219bc2bca2577f9ac0fcc</data>
    </node>
    <node id="&quot;HERFRIEND&quot;">
      <data key="d0">"PERSON"</data>
      <data key="d1">"Herfriend is a person who is going with the group home to meet their friend."</data>
      <data key="d2">chunk-4caeedebb15219bc2bca2577f9ac0fcc</data>
    </node>
    <node id="&quot;COMPUTER MESSAGE&quot;">
      <data key="d0">"EVENT"</data>
      <data key="d1">"Computer message is an electronic communication that can be sent or received over a network, often including information about something from a distant location."|</data>
      <data key="d2">chunk-c2c4d740c12f77bcb947c6b31e4a055b</data>
    </node>
    <node id="&quot;FLORIDA&quot;">
      <data key="d0">"GEO"</data>
      <data key="d1">"Florida is a state in the United States, with a capital city of Tampa, Florida, which is known for its beaches and tropical weather."|&lt;SEP&gt;"Florida is described as a location where Todd and his family are based, showing its importance in their situation."</data>
      <data key="d2">chunk-1554777f23e351a53abe77db310253bb&lt;SEP&gt;chunk-3925e7c8c472182005ead1fc003c780f</data>
    </node>
    <node id="&quot;CASE WORK TEAM&quot;">
      <data key="d0">"ORGANIZATION"</data>
      <data key="d1">"Case Work Team works on solving cases through consultation and communication between team members, indicating their role in the process of resolving issues."</data>
      <data key="d2">chunk-e9688dbb1935300d326bb554759d96ec</data>
    </node>
    <node id="&quot;MS. RIVERA&quot;">
      <data key="d0">"PERSON"</data>
      <data key="d1">"Ms. Rivera is a caseworker working on the case, showing her professionalism and dedication."</data>
      <data key="d2">chunk-e9688dbb1935300d326bb554759d96ec</data>
    </node>
    <node id="&quot;PHOTOGRAPHY GIRL&quot;">
      <data key="d0">"PERSON"</data>
      <data key="d1">"Photography Girl has a passion for photography and is known by the term 'Photography Girl'. She takes pictures to capture memories of her journey through time."</data>
      <data key="d2">chunk-6d8bad1d6158665e2dff0eb01b7492d5</data>
    </node>
    <node id="&quot;ALLY&quot;">
      <data key="d0">"PERSON"</data>
      <data key="d1">"Ally is a character who moves to Alaska, showing her determination and resilience."</data>
      <data key="d2">chunk-6d8bad1d6158665e2dff0eb01b7492d5</data>
    </node>
    <node id="&quot;EVENT&quot;">
      <data key="d0">"EVENT"</data>
      <data key="d1">"Event is an action that occurs in time and space, often with some level of predictability but not necessarily."</data>
      <data key="d2">chunk-28fbd2f552122d41e0785925924e25b3</data>
    </node>
    <node id="&quot;PERSON&quot;">
      <data key="d0">"PERSON"</data>
      <data key="d1">"Person is portrayed as someone who exists in their own right, often with some level of autonomy and control over their actions."</data>
      <data key="d2">chunk-28fbd2f552122d41e0785925924e25b3</data>
    </node>
    <node id="&quot;PINEAPPLE&quot;">
      <data key="d0">"FRUIT"</data>
      <data key="d1">"pineapple is a tropical fruit with a sweet taste, similar to a watermelon."</data>
      <data key="d2">chunk-c1130aaf2fb68fef9a24801728e6704f</data>
    </node>
    <node id="&quot;BOTTLE&quot; &quot;">
      <data key="d0">&lt;BOTTLE&gt;</data>
      <data key="d1">"thing that holds liquid, which could be a drink or food"</data>
      <data key="d2">chunk-c1130aaf2fb68fef9a24801728e6704f</data>
    </node>
    <node id="&quot;ORGANIZATION&quot;">
      <data key="d0">"ORGANIZATION"</data>
      <data key="d1">"Organization refers to a group or entity that has collective membership."</data>
      <data key="d2">chunk-28fbd2f552122d41e0785925924e25b3</data>
    </node>
    <node id="&quot;NEIGHBOR&quot;">
      <data key="d0">"PERSON"</data>
      <data key="d1">"Neighbor is a female character who lives two blocks away from the woman's house and provides companionship to her."</data>
      <data key="d2">chunk-c1130aaf2fb68fef9a24801728e6704f</data>
    </node>
    <node id="&quot;PATIENT&quot;">
      <data key="d0">"PERSON"</data>
      <data key="d1">"Patient is an individual who seeks medical attention or treatment from healthcare providers."</data>
      <data key="d2">chunk-28fbd2f552122d41e0785925924e25b3</data>
    </node>
    <node id="&quot;THE MOVIE&quot;">
      <data key="d0">"EVENT"</data>
      <data key="d1">"The Movie is a film that has already started its production and filming in preparation for being released."</data>
      <data key="d2">chunk-2d5b42b4d03646c1f1ee653315d1e79e</data>
    </node>
    <node id="&quot;HEALTHCARE PROVIDER&quot;">
      <data key="d0">"ORGANIZATION"</data>
      <data key="d1">"Healthcare provider includes doctors, nurses, and other medical professionals that provide services to patients."</data>
      <data key="d2">chunk-28fbd2f552122d41e0785925924e25b3</data>
    </node>
    <node id="&quot;ROOMMATES&quot;">
      <data key="d0">"ORGANIZATION"</data>
      <data key="d1">"Roommates are the people who live together, such as a family or a group of friends."</data>
      <data key="d2">chunk-2d5b42b4d03646c1f1ee653315d1e79e</data>
    </node>
    <node id="&quot;THE GROUP HOME&quot;">
      <data key="d0">"ORGANIZATION"</data>
      <data key="d1">"The Group Home is a residential community that provides housing, activities, and services to its residents.", "relationship"</data>
      <data key="d2">chunk-6d8bad1d6158665e2dff0eb01b7492d5</data>
    </node>
    <node id="&quot;CARE COORDINATOR&quot;">
      <data key="d0">"PERSON"</data>
      <data key="d1">"Care coordinators are responsible for providing care to elderly individuals, often at a facility or home. A care coordinator may also have an office where they interact with seniors."&lt;SEP&gt;"Care coordinators are responsible for supporting their employees in various tasks related to their roles at the company."|</data>
      <data key="d2">chunk-0fa4aea6907b24f5251fab69a5493db2&lt;SEP&gt;chunk-b93013c78f67c39ae40741e51b603fd8</data>
    </node>
    <node id="&quot;AI ASSISTANT&quot;">
      <data key="d0">"PERSON"</data>
      <data key="d1">"AI assistant is an AI system that assists humans in solving problems by providing information, processing text, and generating responses based on user input."</data>
      <data key="d2">chunk-28fbd2f552122d41e0785925924e25b3</data>
    </node>
    <node id="&quot;HUMANITY&quot;">
      <data key="d0">"ORGANIZATION"</data>
      <data key="d1">"Humanity is the collective name for all living creatures on Earth that share certain characteristics and experiences."</data>
      <data key="d2">chunk-28fbd2f552122d41e0785925924e25b3</data>
    </node>
    <node id="&quot;CATEGORY&quot;">
      <data key="d0">"CATEGORY"</data>
      <data key="d1">"Category refers to a broad group of related things, typically with a common attribute or characteristic."</data>
      <data key="d2">chunk-28fbd2f552122d41e0785925924e25b3</data>
    </node>
    <node id="&quot;DAN'S CLOTHES&quot;">
      <data key="d0">"PERSONAL_OBJECT"</data>
      <data key="d1">"A special cup for Todd with his name on it."&lt;SEP&gt;"The text describes Dan as someone who provides services for Todd but does not explicitly state what type or color they are. However, it mentions that he has a special cup for Todd and that he can see him through the window of his room."</data>
      <data key="d2">chunk-052d30d07bb02493fc4a10e12e63deea</data>
    </node>
    <node id="&quot;JENNIFER'S SHIRT&quot;">
      <data key="d0">"PERSONAL_OBJECT"</data>
      <data key="d1">"A picture of Jennifer wearing her regular pajama pants and a sweatshirt."&lt;SEP&gt;"While Jennifer shows her concern for Todd by wearing a similar style of shirt she wears during therapy sessions, the text does not explicitly describe what type or color the shirt is. However, it mentions that it was made with his name on it and that he is a member of the team providing services to Todd."</data>
      <data key="d2">chunk-052d30d07bb02493fc4a10e12e63deea</data>
    </node>
    <node id="&quot;FRIENDS&quot;">
      <data key="d0">"PERSON"</data>
      <data key="d1">"Friends are a group of individuals who share common interests and values with each other."</data>
      <data key="d2">chunk-f157b7d23b47ac3ea2e8977663613bdc</data>
    </node>
    <node id="&quot;PLAY CHESS&quot;">
      <data key="d0">"EVENT"</data>
      <data key="d1">"Playing chess is a fun activity where two players work together to solve puzzles and improve their strategic thinking skills."</data>
      <data key="d2">chunk-f157b7d23b47ac3ea2e8977663613bdc</data>
    </node>
    <node id="&quot;WEST/HERR&quot;">
      <data key="d0">"PERSON"</data>
      <data key="d1">"The organization West/Herr represents a company with a significant presence and influence."&lt;SEP&gt;"West/Herr is a person who has a business and owns a vehicle called "Van" with his daughter and his brother, indicating he takes care of it."</data>
      <data key="d2">chunk-dae06a45fa2589819cccfc0157702b45&lt;SEP&gt;chunk-dd70a78464ef732c6023c59a8a7c509c</data>
    </node>
    <node id="&quot;RAMP&quot;">
      <data key="d0">"DEVICE"</data>
      <data key="d1">"Ramp is an object used to create a passage or opening, in this case, it represents the ramp that leads to the van."</data>
      <data key="d2">chunk-dd70a78464ef732c6023c59a8a7c509c</data>
    </node>
    <node id="&quot;FIRST MONTH&quot;">
      <data key="d0">"EVENT"</data>
      <data key="d1">"First Month refers to the first full month in the given year."</data>
      <data key="d2">chunk-5f665b886b9a4912fda9d4fb62c7d843</data>
    </node>
    <node id="&quot;NOVEMBER 2014&quot;">
      <data key="d0">"EVENT"</data>
      <data key="d1">"November 2014 is a snowstorm in Eric County, Colorado that affected power supplies and caused a disruption in services."</data>
      <data key="d2">chunk-61daf1483477394c49e258a33a9611c4</data>
    </node>
    <node id="&quot;GRANDCHILDREN&quot;">
      <data key="d0">"CATEGORY"</data>
      <data key="d1">"The term 'grandchildren' is used to describe the siblings of a parent, who share the same parent's lineage. In this context, it refers to the siblings of the narrator's parents."</data>
      <data key="d2">chunk-5f665b886b9a4912fda9d4fb62c7d843</data>
    </node>
    <node id="&quot;LOANS&quot;">
      <data key="d0">"TECHNOLOGY"</data>
      <data key="d1">"Loans are often used on platforms such as lending apps or online banking."</data>
      <data key="d2">chunk-f157b7d23b47ac3ea2e8977663613bdc</data>
    </node>
    <node id="&quot;ERIC COUNTY&quot;">
      <data key="d0">"GEO"</data>
      <data key="d1">"Eric County has an area of 290.74 square kilometers and a population of about 30,000 people."&lt;SEP&gt;"Eric County is an administrative region within the state of Colorado."</data>
      <data key="d2">chunk-61daf1483477394c49e258a33a9611c4</data>
    </node>
    <node id="&quot;LOAN&quot;">
      <data key="d0">"EVENT"</data>
      <data key="d1">"Loan is described as a financial agreement where a borrower takes out money from a lender."</data>
      <data key="d2">chunk-f157b7d23b47ac3ea2e8977663613bdc</data>
    </node>
    <node id="&quot;MY BROTHER&quot;">
      <data key="d0">"PERSON"</data>
      <data key="d1">"my brother is a character who is in the story and has lost his job after lying to his family."</data>
      <data key="d2">chunk-5f665b886b9a4912fda9d4fb62c7d843</data>
    </node>
    <node id="&quot;DOGGIE&lt;BR&gt;TOILET&quot;">
      <data key="d0">"OBJECT"</data>
      <data key="d1">"Doggie to toilet&lt;br&gt;device" is a small device that is used by dogs to relieve themselves."</data>
      <data key="d2">chunk-dd70a78464ef732c6023c59a8a7c509c</data>
    </node>
    <node id="&quot;VENDING MACHINE&quot;">
      <data key="d0">"TECHNOLOGY"</data>
      <data key="d1">"The vending machine refers to a device for dispensing goods or services, such as candy or snacks. In this context, it is being described as a mobile device that can be used for purchasing goods."</data>
      <data key="d2">chunk-5f665b886b9a4912fda9d4fb62c7d843</data>
    </node>
    <node id="&quot;JENNIFER'S BACK&quot;">
      <data key="d0">"PERSONAL_OBJECT"</data>
      <data key="d1">"A picture of Jennifer with a balding head and glasses." (text: "I noticed that she had a balding head and glasses on her face."</data>
      <data key="d2">chunk-052d30d07bb02493fc4a10e12e63deea</data>
    </node>
    <node id="&quot;CHRISTMAS DAY&quot;">
      <data key="d0">"EVENT"</data>
      <data key="d1">"December 25th marks the holiday season with traditional gifts and festive decorations." shows how it relates to the current text about Todd's dream vacation."</data>
      <data key="d2">chunk-1554777f23e351a53abe77db310253bb</data>
    </node>
    <node id="&quot;CANCER&quot;">
      <data key="d0">"MEDICAL_CONDITION"</data>
      <data key="d1">"Todd has a medical condition related to cancer, indicating he is facing an uncertain future." shows how it relates to the current text."</data>
      <data key="d2">chunk-1554777f23e351a53abe77db310253bb</data>
    </node>
    <node id="&quot;CHIEF FINANCIAL OFFICER&quot;">
      <data key="d0">"PERSON"</data>
      <data key="d1">"The Chief Financial Officer oversees the company's financial activities, providing guidance to the other members of the management team."</data>
      <data key="d2">chunk-dae06a45fa2589819cccfc0157702b45</data>
    </node>
    <node id="&quot;DAN&quot;">
      <data key="d0">"PERSON"</data>
      <data key="d1">"Dan is a member of the team providing services for Todd. He suggests that it's important for him to be patient and understanding with Todd, as he may have felt disappointed when he first started seeing him."&lt;SEP&gt;"Dan is an organization involved in helping Todd's dream come true, indicating a role."</data>
      <data key="d2">chunk-052d30d07bb02493fc4a10e12e63deea&lt;SEP&gt;chunk-1554777f23e351a53abe77db310253bb</data>
    </node>
    <node id="&quot;TEAMWORK&quot;">
      <data key="d2">chunk-12b9966a1210bda93d3c368ac9239508</data>
      <data key="d1">"The relationship between the team members is that they are part of the same organization and work towards a common goal."&lt;/|&gt;They were an integral part of the team, contributing to each other's success.&lt;/|&gt;)(entity"</data>
      <data key="d0">"UNKNOWN"</data>
    </node>
    <edge source="&quot;TODD&quot;" target="&quot;MANAGER&quot;">
      <data key="d3">7.0</data>
      <data key="d4">"The manager approaches Todd, suggesting he may need to leave the house."</data>
      <data key="d5">"managing, decision-making"</data>
      <data key="d6">chunk-9a9afc3e86fdf66d7772a7dc18f1529c</data>
    </edge>
    <edge source="&quot;COMPANY&quot;" target="&quot;TEAMWORK&quot;">
      <data key="d3">1.0</data>
      <data key="d4">"The relationship between the team members is that they are part of the same organization and work towards a common goal."&lt;/|&gt;They were an integral part of the team, contributing to each other's success.&lt;/|&gt;)(entity"</data>
      <data key="d5">"Missed_entity1"</data>
      <data key="d6">chunk-12b9966a1210bda93d3c368ac9239508</data>
    </edge>
  </graph>
</graphml>
